Index,Cosine Similarity
1,-0.004790320061147213
2,0.005260075908154249
3,-0.0006099530146457255
4,-0.0022138282656669617
5,0.0036633650306612253
6,0.00013590569142252207
7,-0.0024096863344311714
8,-0.003975881729274988
9,-0.0038565737195312977
10,-5.5949261877685785e-05
11,0.0013516664039343596
12,0.0008324846858158708
13,0.004241139627993107
14,0.0032022823579609394
15,-0.0014246401842683554
16,-0.002793327672407031
17,0.0029141611885279417
18,-0.005477546714246273
19,-0.0003833184018731117
20,0.0018656185129657388
21,0.003297949442639947
22,-0.0009448479395359755
23,0.0028539267368614674
24,-0.0014716139994561672
25,0.006508622318506241
26,-0.0022719698026776314
27,-0.00028285273583605886
28,-0.0004177283844910562
29,-0.00036449701292440295
30,0.0007799441227689385
31,0.003400601912289858
32,-0.00542067177593708
33,-0.0016884554643183947
34,0.0009435830870643258
35,-0.0015817757230252028
36,0.00994172878563404
37,-0.001004551537334919
38,-0.0004511044826358557
39,-0.007698215544223785
40,-0.004158459138125181
41,0.0017167547484859824
42,0.004068728536367416
43,-0.002151026390492916
44,0.002114617731422186
45,0.0040507810190320015
46,0.0005998697597533464
47,-0.0023833690211176872
48,0.0009534776909276843
49,-0.002912352327257395
50,-9.089696686714888e-05
51,-0.0014414979377761483
52,-0.0021284923423081636
53,0.006321052089333534
54,0.00047526671551167965
55,0.00035213492810726166
56,0.00218719569966197
57,0.004720540717244148
58,0.00409372802823782
59,0.005778975784778595
60,-0.0031135273166000843
61,-0.004110880196094513
62,-0.0030854009091854095
63,-0.003415857907384634
64,0.0051615070551633835
65,-0.004925324581563473
66,0.0004907588590867817
67,0.0027281639631837606
68,-0.0002203236217610538
69,-0.001980765024200082
70,-0.004358762409538031
71,-0.0004013522411696613
72,-0.0036932758521288633
73,-0.0038429228588938713
74,0.0040035368874669075
75,0.0016624598065391183
76,-0.0037265117280185223
77,0.0043717543594539165
78,0.0021177378948777914
79,-0.008718889206647873
80,-0.0033817635849118233
81,7.70747137721628e-05
82,-0.0015553284902125597
83,-0.0033344763796776533
84,0.00422306451946497
85,-0.003603170160204172
86,-0.0020142034627497196
87,0.004114838317036629
88,-0.0018367725424468517
89,0.001784465741366148
90,0.0016943126684054732
91,0.004381692502647638
92,0.0026248223148286343
93,-0.002509674523025751
94,0.002666406100615859
95,-0.002623165026307106
96,0.0017297533340752125
97,0.0018028729828074574
98,0.0022574751637876034
99,-0.002284266985952854
100,0.004629337694495916
101,0.001268870197236538
102,0.0026488208677619696
103,-0.0023068527225404978
104,0.004676167853176594
105,0.0009448539931327105
106,-0.003665482858195901
107,0.0013463508803397417
108,0.0019273776561021805
109,-0.0003057535504922271
110,0.003818407654762268
111,-0.00022132729645818472
112,-0.0004784483462572098
113,0.00041264668107032776
114,0.0022933254949748516
115,0.004631945863366127
116,0.002425004728138447
117,0.0037092757411301136
118,0.0012124786153435707
119,-0.0024699028581380844
120,0.0018648910336196423
121,0.0013891661074012518
122,-0.005259038880467415
123,0.00260743941180408
124,-0.006740627810359001
125,0.010567929595708847
126,0.00010288017801940441
127,0.0049075172282755375
128,-0.004934836179018021
129,-0.0006350409239530563
130,0.009232043288648129
131,-0.008742581121623516
132,0.003506074659526348
133,0.0007758555002510548
134,-0.0004766189376823604
135,-0.00010266283061355352
136,0.002308379393070936
137,0.002100109588354826
138,0.0025341366417706013
139,0.005541965365409851
140,-0.0014236185234040022
141,-0.000859325984492898
142,-0.0016135904006659985
143,-0.005810685455799103
144,-0.0020108253229409456
145,0.0017380121862515807
146,0.0018213767325505614
147,0.010904590599238873
148,0.000534387247171253
149,-0.00043354963418096304
150,-0.0024575486313551664
151,0.0029606292955577374
152,-0.0021293663885444403
153,0.0049060676246881485
154,-0.002109738066792488
155,-0.006495519075542688
156,-0.0022382698953151703
157,-0.001125051872804761
158,0.018156304955482483
159,-0.005536043085157871
160,0.0024448144249618053
161,-0.0021054409444332123
162,-0.0013483482180163264
163,0.010643316432833672
164,-0.0017110069748014212
165,-0.005942314863204956
166,0.005423462949693203
167,-0.005931831430643797
168,-0.002100240672007203
169,0.003041512332856655
170,-0.0002140998258255422
171,-0.0008263748604804277
172,0.006847367621958256
173,0.0006618328625336289
174,0.0011352966539561749
175,0.0021012360230088234
176,-0.002900009509176016
177,0.005760069005191326
178,-3.885070327669382e-06
179,0.0016091843135654926
180,0.0038825594820082188
181,0.0004655192606151104
182,-0.001012289896607399
183,0.0013353577814996243
184,-0.002434283960610628
185,-0.0024209036491811275
186,0.004484385251998901
187,0.0015395639929920435
188,-0.0023539524991065264
189,0.0007137652719393373
190,-0.0028475881554186344
191,0.005924927070736885
192,0.0007640873081982136
193,0.004121868405491114
194,0.0013935600873082876
195,0.004035608842968941
196,-0.006015118211507797
197,-0.00158771313726902
198,-0.0011984502198174596
199,0.0029197935946285725
200,0.0017341673374176025
201,-0.0020323763601481915
202,-0.001060720533132553
203,-0.007657942362129688
204,0.0038518463261425495
205,-0.00012658117339015007
206,0.0024223229847848415
207,-0.004011869430541992
208,-0.0013966974802315235
209,-0.0041721416637301445
210,0.001551617868244648
211,0.005441534798592329
212,0.0012105698697268963
213,-0.004480352159589529
214,-0.0023782863281667233
215,0.005198596976697445
216,0.007206619717180729
217,0.0009408540790900588
218,-0.0027802567929029465
219,0.0012418837286531925
220,0.004407779313623905
221,-0.001034300308674574
222,-0.0012989197857677937
223,0.0014137150719761848
224,0.0006908583454787731
225,-0.0013581234961748123
226,0.0031340112909674644
227,-2.7002068236470222e-05
228,-0.002002383815124631
229,0.0025008139200508595
230,-0.0003405228490009904
231,-0.0024791634641587734
232,0.005658759269863367
233,0.0012776830699294806
234,0.0005094638327136636
235,-0.0003350159095134586
236,0.0016302188159897923
237,4.005013033747673e-05
238,-0.0026039029471576214
239,-0.000249713019002229
240,-0.0016452085692435503
241,-0.0031857741996645927
242,-0.0022608682047575712
243,0.004286718554794788
244,-0.0007028422551229596
245,0.002676567994058132
246,0.0007695819949731231
247,0.0023817787878215313
248,0.002836356172338128
249,0.004657704383134842
250,-0.0004253554798197001
251,5.609728395938873e-05
252,-0.0023038112558424473
253,-0.00014796757022850215
254,0.0012217788025736809
255,-0.0031355542596429586
256,0.004455146379768848
257,-0.0017878118669614196
258,0.002907367656007409
259,0.0044814166612923145
260,-0.0008719563484191895
261,-0.005348897539079189
262,-0.004077187739312649
263,-4.4895627070218325e-05
264,-0.0034682226832956076
265,0.0014463887782767415
266,-0.004690455738455057
267,-0.004748200997710228
268,0.0021106237545609474
269,-0.0034618042409420013
270,0.0031542517244815826
271,0.000449709827080369
272,-0.0005838560173287988
273,0.002495808992534876
274,-0.0034332843497395515
275,-0.002733937231823802
276,-0.003108991077169776
277,0.0013829499948769808
278,-0.0018283731769770384
279,6.471388041973114e-05
280,0.003458633553236723
281,0.002073626732453704
282,0.001362204784527421
283,-0.00030808208975940943
284,-0.00360498926602304
285,-0.0016435283469036222
286,-0.0002937320386990905
287,-0.003045550314709544
288,-0.0023791866842657328
289,-0.0008819138165563345
290,0.007235074415802956
291,0.0006154525326564908
292,-0.0013888953253626823
293,0.0015120171010494232
294,0.005849855951964855
295,-0.002451014705002308
296,-0.001868661493062973
297,0.003331913612782955
298,0.0002526110038161278
299,0.00689807441085577
300,-0.0072707789950072765
301,0.0019215960055589676
302,-0.005293084774166346
303,0.0003960591275244951
304,0.0007031545974314213
305,0.002304124180227518
306,-0.0008199568837881088
307,-0.0017116556409746408
308,-0.0005151393124833703
309,-0.0006765134166926146
310,-0.0024987540673464537
311,-0.003942239563912153
312,0.00020505793509073555
313,-0.00352401752024889
314,0.004320465959608555
315,-0.0013618944212794304
316,0.006453561596572399
317,0.0010860055917873979
318,0.00277581624686718
319,0.0014997281832620502
320,-0.006695031188428402
321,-0.00418997835367918
322,0.00418529286980629
323,-0.0018381173722445965
324,0.004911464639008045
325,0.003593218280002475
326,0.0034000775776803493
327,-0.006326484493911266
328,-0.0045139845460653305
329,-0.0017680268501862884
330,0.0029525323770940304
331,-0.0010292150545865297
332,0.001201293314807117
333,0.0035286392085254192
334,-0.0035704488400369883
335,0.0004429181572049856
336,-0.0026883906684815884
337,0.0019840868189930916
338,-0.002749695209786296
339,-5.7367607951164246e-05
340,-0.002980192191898823
341,0.006574413273483515
342,-0.003817230463027954
343,0.001588389277458191
344,0.0026948521845042706
345,-0.0049714818596839905
346,-0.002663327381014824
347,0.004096691031008959
348,-0.0036775185726583004
349,0.0015688019338995218
350,0.002102622063830495
351,-0.00517637375742197
352,0.004218247253447771
353,0.0007744209142401814
354,-0.004945772234350443
355,-0.0026815133169293404
356,-0.0007580311503261328
357,0.00019093893934041262
358,0.0026498553343117237
359,-0.00015191209968179464
360,0.002495635999366641
361,-0.0076196398586034775
362,-0.0007163689006119967
363,-0.004774898290634155
364,-0.0009422805160284042
365,-0.001319119823165238
366,-1.602713018655777e-05
367,0.0002337615005671978
368,-0.005111526697874069
369,-0.00031961395870894194
370,0.0009597637690603733
371,0.004508924670517445
372,0.00044205132871866226
373,0.003454391146078706
374,0.003792203962802887
375,0.001730612711980939
376,0.0004928178386762738
377,0.0024142179172486067
378,-0.0001522701932117343
379,-0.002048354595899582
380,0.005511672236025333
381,0.0019341399893164635
382,0.0010049303527921438
383,0.001421160763129592
384,0.004140494856983423
385,-0.0009957498405128717
386,0.001664000446908176
387,-0.0008455581846646965
388,-0.0005855411291122437
389,-0.0038759862072765827
390,-0.004065700341016054
391,0.0008825911208987236
392,-0.003708707867190242
393,-0.0029357371386140585
394,-0.002251571975648403
395,0.0020007863640785217
396,-0.006115784402936697
397,-0.0007249226910062134
398,-0.005317991599440575
399,-0.0013488117838278413
400,0.0043489630334079266
401,-0.00417093513533473
402,-0.0018599736504256725
403,0.008483498357236385
404,0.001856399467214942
405,0.0002776525216177106
406,-0.0035616967361420393
407,-0.005639407318085432
408,0.002444750629365444
409,0.0067471908405423164
410,0.0025656227953732014
411,-0.005315763875842094
412,0.0023436970077455044
413,0.0034756665118038654
414,0.0007795076235197484
415,0.002029319293797016
416,0.0021150519605726004
417,-0.0006727493600919843
418,0.004263038281351328
419,-5.489867180585861e-05
420,-0.00037228851579129696
421,0.0036306390538811684
422,-0.0014067693846300244
423,0.004868983756750822
424,-0.0017820214852690697
425,0.0022788054775446653
426,-0.0003399834968149662
427,0.005954546853899956
428,-0.0017885987181216478
429,0.0006134468130767345
430,0.000290375086478889
431,0.005577054340392351
432,0.005605161190032959
433,-0.003718772903084755
434,-0.0002650929382070899
435,-0.0011393926106393337
436,-0.002058558864519
437,-0.002426695777103305
438,-0.0037224791012704372
439,0.005136533640325069
440,-0.002646914217621088
441,0.005970987491309643
442,-0.002123120706528425
443,0.003643688512966037
444,-0.0024684611707925797
445,-0.005906711332499981
446,0.0025633424520492554
447,-0.0022304016165435314
448,0.011740125715732574
449,-0.003830910427495837
450,0.0002812101738527417
451,0.00234928447753191
452,0.003629677928984165
453,-0.00031709688482806087
454,0.0023523475974798203
455,0.0025482175406068563
456,0.003038561437278986
457,0.007755286060273647
458,-0.00022799961152486503
459,0.00454709492623806
460,-0.0005035150097683072
461,0.0006139896577224135
462,0.002134351059794426
463,0.00440556462854147
464,-0.00281461700797081
465,0.0011093748034909368
466,0.005620707757771015
467,-0.006302516907453537
468,-0.0007138526416383684
469,-0.0036654812283813953
470,0.0050728898495435715
471,-0.002879271749407053
472,-0.004065359011292458
473,0.003483884735032916
474,-0.0020319148898124695
475,-0.006992394104599953
476,0.000999274430796504
477,0.0051089562475681305
478,-0.0027705358806997538
479,0.002715531038120389
480,-0.0014741297345608473
481,-0.0034806542098522186
482,-0.0023993283975869417
483,-0.0057511106133461
484,-0.0031964117661118507
485,-0.004111727233976126
486,-0.0016666790470480919
487,-0.0015711727319285274
488,-0.002025038469582796
489,0.0019399526063352823
490,-0.0006621471839025617
491,-0.0007523365784436464
492,-0.0033588078804314137
493,-0.0005971841746941209
494,-0.0006537976441904902
495,0.0040004802867770195
496,0.0038228887133300304
497,-0.00043574022129178047
498,-0.0002514873049221933
499,0.007237138692289591
500,-0.00481459591537714
501,-0.0036006823647767305
502,0.0004324625479057431
503,-0.0032965075224637985
504,0.003253971692174673
505,0.007087756879627705
506,-0.003224486019462347
507,0.003139569889754057
508,-0.0009421836584806442
509,0.000260405067820102
510,-0.002129454631358385
511,0.0023171529173851013
512,-0.002339613391086459
513,-0.0016247888561338186
514,0.0017386232502758503
515,-0.0028121049981564283
516,-0.0040333326905965805
517,-0.004126843996345997
518,0.005241989623755217
519,-0.004515941720455885
520,-0.0006162745412439108
521,-0.007767539005726576
522,-0.005922957323491573
523,0.00015243375673890114
524,0.000713569694198668
525,0.0038470998406410217
526,-0.00032635265961289406
527,0.0032174987718462944
528,0.0028629719745367765
529,0.0029457765631377697
530,-0.0039033214561641216
531,-0.0027807154692709446
532,0.002330283634364605
533,0.00030476413667201996
534,0.0011298357276245952
535,-0.0007941883523017168
536,0.0015484456671401858
537,-0.005243700463324785
538,0.0022764999885112047
539,-0.003651825711131096
540,0.0005779026541858912
541,-0.00016955053433775902
542,0.0014475355856120586
543,0.0004468679544515908
544,0.0007268832996487617
545,0.0016387237701565027
546,0.0016501263016834855
547,-0.005058064591139555
548,-0.0004628252936527133
549,-0.0018612516578286886
550,-0.007271449081599712
551,-0.00634520361199975
552,-0.007584435399621725
553,-0.007372575346380472
554,-0.0047334288246929646
555,0.0012180982157588005
556,-0.0010516978800296783
557,-0.00601233122870326
558,0.00524116400629282
559,0.0006658646743744612
560,-0.00131700630299747
561,-0.00478381710126996
562,-0.00018309650477021933
563,-0.002662701066583395
564,0.0016541762743145227
565,0.002607410540804267
566,-0.0017586820758879185
567,0.0035993955098092556
568,-0.006689945235848427
569,-0.004255348816514015
570,-0.0012001707218587399
571,-0.0015530867967754602
572,0.000704512873198837
573,-0.004080486949533224
574,0.0029813293367624283
575,0.0041602058336138725
576,-0.0072867246344685555
577,-0.0016263897996395826
578,0.0034923984203487635
579,-0.0015210224082693458
580,-0.004838658031076193
581,0.0027508633211255074
582,0.00031050853431224823
583,0.00026227906346321106
584,0.001100895693525672
585,-0.0017790163401514292
586,0.004933604039251804
587,0.0016289383638650179
588,0.0015532502438873053
589,0.009118130430579185
590,0.0005700649926438928
591,-0.0007203791756182909
592,0.006371786352247
593,-0.0030166027136147022
594,6.409536581486464e-05
595,-0.0032385908998548985
596,0.00018820224795490503
597,0.0015467831399291754
598,-0.003512768307700753
599,0.006285413168370724
600,-0.0015416601672768593
601,0.0013629653258249164
602,-0.0019320891005918384
603,0.0009826843161135912
604,-0.000602127518504858
605,-0.003457400482147932
606,0.0056238663382828236
607,-0.0027499229181557894
608,-0.0012438438134267926
609,0.005104770418256521
610,0.004367318004369736
611,0.0008938235114328563
612,-0.0016178754158318043
613,-0.004911498166620731
614,-0.004445747472345829
615,0.0004027116810902953
616,0.002043764106929302
617,0.0036380444653332233
618,-0.005908455699682236
619,-0.0004274077364243567
620,0.005580499768257141
621,0.00029593711951747537
622,-0.005905499681830406
623,-0.005640421994030476
624,0.006540623493492603
625,-0.0033753509633243084
626,-0.0017833285965025425
627,-0.0021377054508775473
628,0.0017541293054819107
629,-0.0036234084982424974
630,0.009740584529936314
631,-0.0019508012337610126
632,0.022444669157266617
633,-0.00275037600658834
634,0.0038399386685341597
635,-0.004161618649959564
636,-0.0029113413766026497
637,0.0008212892571464181
638,-0.005364072509109974
639,-0.004403220489621162
640,0.0016814284026622772
641,0.0029503093101084232
642,-0.00442090118303895
643,0.0024145275820046663
644,0.00441119447350502
645,0.005418755114078522
646,-0.002856566570699215
647,0.0015886849723756313
648,-0.0037603816017508507
649,0.0006040309672243893
650,-0.0028457865118980408
651,-0.0008406424894928932
652,-0.001046501798555255
653,0.0018010317580774426
654,0.0065177250653505325
655,2.1883330191485584e-05
656,-0.0004387464723549783
657,0.004037512931972742
658,-0.003966383170336485
659,0.002127950545400381
660,0.004280994646251202
661,0.0016945755342021585
662,-0.002320932224392891
663,0.0005308691179379821
664,-0.00488112960010767
665,0.005096498876810074
666,0.001824818318709731
667,-0.0015279087238013744
668,0.0020988124888390303
669,-0.0009854300878942013
670,-0.00823340006172657
671,-0.0010685452725738287
672,-0.003064562799409032
673,-0.002796582877635956
674,0.0022024991922080517
675,-0.002894384553655982
676,0.005292253568768501
677,-0.00438292371109128
678,0.002496450673788786
679,0.0005930236075073481
680,-0.0010967734269797802
681,-0.0045436532236635685
682,0.005087314639240503
683,0.0012880556751042604
684,-0.0012407790636643767
685,0.004701311234384775
686,0.0015841992571949959
687,0.004167295526713133
688,0.002338770078495145
689,0.005323352292180061
690,0.0021030805073678493
691,-0.0026495447382330894
692,0.0051653459668159485
693,-0.004074517171829939
694,0.00143301987554878
695,-0.007941462099552155
696,0.001502354396507144
697,-0.0030922982841730118
698,0.0016834470443427563
699,-0.0022176713682711124
700,0.0017553135985508561
701,-0.007994609884917736
702,-0.0053963856771588326
703,-0.0010835104621946812
704,-0.00476275198161602
705,-0.005901835393160582
706,0.0038342121988534927
707,0.0025328751653432846
708,-0.0039991349913179874
709,-0.0008471102919429541
710,0.002490071812644601
711,-0.005919161252677441
712,-0.0016724906163290143
713,0.00011872049071826041
714,0.0018632751889526844
715,-0.0006808399339206517
716,-0.0005120350979268551
717,0.0029804306104779243
718,-0.004809001460671425
719,0.004769419319927692
720,-0.0027128320652991533
721,-0.0025351382791996002
722,-0.0005915784859098494
723,0.0037435959093272686
724,0.003213896183297038
725,0.003957721870392561
726,-0.0035688828211277723
727,-0.0015647546388208866
728,0.0013835750287398696
729,-0.0006936732097528875
730,0.0006234773900359869
731,-0.0014407236594706774
732,0.003407534910365939
733,-0.0011842212406918406
734,-0.0017234347760677338
735,-0.005859190598130226
736,-0.0010958563070744276
737,0.0029712747782468796
738,-0.0020138409454375505
739,0.001629715203307569
740,0.004373847506940365
741,-0.0030590901151299477
742,-0.004123385529965162
743,0.004148393403738737
744,0.0023558535613119602
745,0.0027363537810742855
746,-0.0005340452771633863
747,0.006238581147044897
748,0.00011942873243242502
749,-0.0026507885195314884
750,-0.00035728910006582737
751,-0.004697768948972225
752,0.0009336618240922689
753,0.00014986790483817458
754,0.0004848732496611774
755,0.003855319693684578
756,-0.003218075493350625
757,-0.0015704988036304712
758,0.00022286351304501295
759,-0.004195281304419041
760,0.0025355254765599966
761,0.0014562102733179927
762,-0.0007482490036636591
763,0.001218738267198205
764,0.0068847863003611565
765,0.0017637396231293678
766,0.00376223586499691
767,0.002065148437395692
768,0.0011726283701136708
769,0.004022019915282726
770,0.0072770994156599045
771,-0.003922557458281517
772,-0.008004746399819851
773,0.00617689685896039
774,0.0021567512303590775
775,0.0005312541034072638
776,-0.003398742526769638
777,-0.0037468653172254562
778,-0.0006856532418169081
779,-0.0010188092710450292
780,-0.0016866796649992466
781,0.0018885626923292875
782,-0.002504743868485093
783,-0.0037015830166637897
784,-0.0038215750828385353
785,0.006180108524858952
786,0.0008257158915512264
787,-0.002023849869146943
788,-0.004699689336121082
789,0.0013360928278416395
790,0.012709715403616428
791,-0.004061275627464056
792,0.003164330031722784
793,-0.0005535844247788191
794,-0.004173574037849903
795,0.0030711879953742027
796,-0.0014511600602418184
797,-0.00045753706945106387
798,0.0012458628043532372
799,0.0005855147610418499
800,0.003445041598752141
801,-0.0004636203811969608
802,2.3351749405264854e-06
803,-0.0020516756922006607
804,0.0038494709879159927
805,-0.0010995775228366256
806,0.005253356881439686
807,0.0015612521674484015
808,0.0007903750520199537
809,-0.0001791066024452448
810,-0.0037136333994567394
811,0.003312483197078109
812,-0.0021247416734695435
813,0.0007007339154370129
814,0.004184350371360779
815,0.0054385727271437645
816,-8.584937313571572e-05
817,0.0026444033719599247
818,0.0011839435901492834
819,-0.0019726024474948645
820,0.0024234047159552574
821,-0.002693991409614682
822,0.0022580509539693594
823,-0.0002487341407686472
824,-0.0001573468034621328
825,-0.004897921346127987
826,0.007424382492899895
827,0.0030973139218986034
828,-0.004527594894170761
829,0.003952397499233484
830,-0.003350439015775919
831,0.0014558871043846011
832,-0.004102491773664951
833,0.0014893778134137392
834,-0.0017708814702928066
835,-0.0038244854658842087
836,-0.0013409946113824844
837,0.0006687877466902137
838,-0.001304060686379671
839,0.0031391819939017296
840,-0.0041643716394901276
841,0.004151712171733379
842,-0.00386823620647192
843,-0.0004614634672179818
844,-0.0033314258325845003
845,-0.00745562557131052
846,0.00026895536575466394
847,0.0021037610713392496
848,-0.004126615356653929
849,0.002661429112777114
850,0.0038494004402309656
851,8.588365744799376e-05
852,0.0022117621265351772
853,0.0020409333519637585
854,0.0018844266887754202
855,-0.0013489758130162954
856,0.006344294175505638
857,0.001652356470003724
858,-0.0037358305417001247
859,-0.004941313527524471
860,-0.0004532323218882084
861,0.009494539350271225
862,0.0016000736504793167
863,-0.00669203232973814
864,0.004816791042685509
865,-0.0009679626091383398
866,-0.0018300225492566824
867,-0.002403996419161558
868,-0.0006955498829483986
869,0.003170317504554987
870,-0.006490243598818779
871,-0.0008908887393772602
872,0.003112907288596034
873,-0.006907269824296236
874,0.0009087801445275545
875,0.0055600497871637344
876,-0.0051243179477751255
877,0.00563640333712101
878,-0.0016772113740444183
879,0.0031218123622238636
880,0.00640038400888443
881,0.003872412256896496
882,-0.0012089726515114307
883,0.0021576357539743185
884,0.0008409230504184961
885,0.0032780941110104322
886,0.0003157239407300949
887,-0.0022708165924996138
888,0.001926345401443541
889,-0.0018659991910681129
890,0.008470102213323116
891,0.0031933013815432787
892,-0.00255705788731575
893,-0.0027302897069603205
894,0.0045733144506812096
895,0.0057581039145588875
896,-0.0015885988250374794
897,0.001243966049514711
898,-0.007088899612426758
899,0.001064681215211749
900,-0.006571375764906406
901,-0.0028509674593806267
902,0.00535539910197258
903,0.0022204555571079254
904,-0.003952308092266321
905,0.007683617994189262
906,-0.002492267871275544
907,-0.0031524822115898132
908,0.00011309588444419205
909,-0.0007269216002896428
910,-0.001665873103775084
911,-0.0012311922619119287
912,-0.005014605820178986
913,0.0008257803856395185
914,-0.0048341332003474236
915,-0.0007760137086734176
916,0.0034479317255318165
917,-0.0027992569375783205
918,-0.0031422125175595284
919,-0.0039007612504065037
920,0.002776523819193244
921,-0.007392739877104759
922,0.0023690767120569944
923,-0.0013767958153039217
924,0.002467592479661107
925,-0.003146138973534107
926,0.00017655338160693645
927,-0.0024329666048288345
928,0.0006657019257545471
929,8.388666901737452e-05
930,-0.0009070094674825668
931,0.00262112682685256
932,-0.0035423061344772577
933,9.968271479010582e-05
934,-0.0033989883959293365
935,0.0057219392620027065
936,0.004914035089313984
937,0.007274594623595476
938,-0.0007271509966813028
939,-0.0027051609940826893
940,0.0027053856756538153
941,-0.0026923080440610647
942,-0.005634209141135216
943,-0.00012052644160576165
944,0.0032377392053604126
945,-2.1643470972776413e-05
946,-0.006164581049233675
947,-0.006198220420628786
948,-0.004500138573348522
949,-0.008665960282087326
950,-0.00013059849152341485
951,-0.0002467322046868503
952,-0.000436215428635478
953,0.0029616267420351505
954,0.0003830317873507738
955,-0.009105381555855274
956,-0.0024885418824851513
957,-0.00479524489492178
958,0.0006846081232652068
959,0.003916383255273104
960,-0.003613495733588934
961,-0.0028520661871880293
962,-0.0019242276903241873
963,-0.0006929750088602304
964,-0.002012220909819007
965,0.0005657146102748811
966,0.0005710931727662683
967,-0.0017563002184033394
968,0.006947836838662624
969,0.0028947077225893736
970,0.0034007523208856583
971,-0.0032308995723724365
972,0.004977325908839703
973,-0.003049946390092373
974,-0.0022332381922751665
975,-0.001630114042200148
976,-0.0014666347997263074
977,-0.0011368385748937726
978,-0.0004332645912654698
979,-0.0038612396456301212
980,0.001654790947213769
981,-0.00013636320363730192
982,-0.005484278313815594
983,0.0015271753072738647
984,0.004987700376659632
985,0.005519423633813858
986,-0.002794899046421051
987,0.0058990828692913055
988,0.00039879605174064636
989,0.00046743848361074924
990,0.0008351216674782336
991,-0.0034129696432501078
992,-0.0018987867515534163
993,-0.005319554824382067
994,-0.001470757182687521
995,0.0011788777774199843
996,0.0028655347414314747
997,-0.008821611292660236
998,-0.005471275188028812
999,0.0039014762733131647
1000,-0.0021132701076567173
1001,0.001074868137948215
1002,0.0015296908095479012
1003,-0.0016465962398797274
1004,0.004863699898123741
1005,0.001110144192352891
1006,-0.0034473927225917578
1007,0.0013675694353878498
1008,-0.005966668948531151
1009,-0.007371409330517054
1010,0.003226576140150428
1011,-0.0020593153312802315
1012,0.0005472510820254683
1013,-0.0035582478158175945
1014,0.006315658334642649
1015,0.00037729303585365415
1016,0.0077246250584721565
1017,0.0011806600959971547
1018,-0.0024144898634403944
1019,-0.0012954412959516048
1020,-0.0006360162515193224
1021,0.0033834045752882957
1022,0.0012879101559519768
1023,0.0037173808086663485
1024,-0.002570878015831113
1025,0.0024794212076812983
1026,-0.0036121602170169353
1027,0.005444650538265705
1028,-0.006865211762487888
1029,-4.124571569263935e-05
1030,0.004638778045773506
1031,-0.007338743656873703
1032,0.0001173834316432476
1033,-0.0021389052271842957
1034,-0.0022258951794356108
1035,0.0027039265260100365
1036,-0.003184025641530752
1037,0.003908916376531124
1038,0.008013688959181309
1039,0.006857598200440407
1040,-0.0001185503788292408
1041,-0.003207707777619362
1042,0.005142338573932648
1043,-0.00539388507604599
1044,-0.001359586138278246
1045,-0.0009818938560783863
1046,-0.003011952619999647
1047,0.0018388575408607721
1048,-0.0021159823518246412
1049,0.0023364517837762833
1050,-0.003970607183873653
1051,-0.004086375702172518
1052,0.00445783045142889
1053,-0.0035338634625077248
1054,-0.004361102823168039
1055,0.000712829059921205
1056,-0.0015956563875079155
1057,-0.0022351411171257496
1058,0.0039083692245185375
1059,-0.002241465961560607
1060,0.0009282105602324009
1061,0.003287234343588352
1062,0.006692502647638321
1063,0.007289350964128971
1064,-0.0058979312889277935
1065,1.4290562830865383e-05
1066,-0.004520164802670479
1067,0.0005066009471192956
1068,0.003437761217355728
1069,-0.0008162385784089565
1070,0.0014677211875095963
1071,-0.002527356380596757
1072,-0.002667500637471676
1073,0.00016370689263567328
1074,0.0007892386056482792
1075,-0.0018954500555992126
1076,-0.004468441940844059
1077,-0.0032709711231291294
1078,0.0029829032719135284
1079,-0.0004516767803579569
1080,0.005622021853923798
1081,-0.0006038697902113199
1082,0.0008157154661603272
1083,0.0039091575890779495
1084,0.0035978583618998528
1085,0.0008440536330454051
1086,0.0022931466810405254
1087,-0.0032120347023010254
1088,0.0016496239695698023
1089,-0.0008512662607245147
1090,0.0018039339920505881
1091,0.006228254176676273
1092,-0.006036221049726009
1093,-0.003063465002924204
1094,0.003985674120485783
1095,0.0007484748493880033
1096,0.00040522764902561903
1097,-0.004782805684953928
1098,0.00036105705657973886
1099,0.0012818888062611222
1100,-0.0014124460285529494
1101,-0.0044828662648797035
1102,-0.00041163567220792174
1103,3.595059388317168e-05
1104,-0.00212448975071311
1105,0.0009630421409383416
1106,0.009824610315263271
1107,-0.008114676922559738
1108,0.004701204597949982
1109,0.0035463913809508085
1110,-0.0035886066034436226
1111,0.0003523668274283409
1112,-0.0015555464196950197
1113,-0.006735055707395077
1114,0.002438492141664028
1115,-0.009487192146480083
1116,0.0029164038132876158
1117,0.002441033720970154
1118,-0.0007767606293782592
1119,-0.004338522907346487
1120,-0.001154828118160367
1121,-0.004582902882248163
1122,0.004247297532856464
1123,0.0034119479823857546
1124,2.6646594051271677e-05
1125,0.008123736828565598
1126,-0.007705306634306908
1127,0.005240915808826685
1128,0.0025825905613601208
1129,-0.0003965431242249906
1130,-0.0010220110416412354
1131,0.005065972916781902
1132,-0.002104688435792923
1133,-0.00038310966920107603
1134,-0.0013729368802160025
1135,-0.0025849430821835995
1136,0.0009764026617631316
1137,0.0027560293674468994
1138,-0.0004103726241737604
1139,0.004274854436516762
1140,-0.0027318280190229416
1141,-0.001906470861285925
1142,0.003239060053601861
1143,0.003347518155351281
1144,-0.0015520229935646057
1145,-0.0037839908618479967
1146,-0.0017796556930989027
1147,-0.0022622437682002783
1148,0.004938512574881315
1149,-0.0025298167020082474
1150,0.010765176266431808
1151,-0.003027713391929865
1152,0.001951766200363636
1153,0.0020983186550438404
1154,0.0034867979120463133
1155,-0.0008538274560123682
1156,0.0029509535524994135
1157,7.501343498006463e-05
1158,0.00037274404894560575
1159,0.0042044795118272305
1160,0.0011784967500716448
1161,0.0021670712158083916
1162,-0.0051880632527172565
1163,0.001282024895772338
1164,0.00286206416785717
1165,0.0037071295082569122
1166,0.0011224619811400771
1167,0.005157505627721548
1168,0.0046601081266999245
1169,-0.0030633355490863323
1170,-0.0028671645559370518
1171,0.001620147144421935
1172,-0.006276473868638277
1173,0.0018469973001629114
1174,0.008274165913462639
1175,-0.004266227595508099
1176,-0.005249294452369213
1177,-0.0011649904772639275
1178,-0.0007744372123852372
1179,-0.008416134864091873
1180,0.006215380970388651
1181,-0.002007007598876953
1182,-0.004430113360285759
1183,0.003932652994990349
1184,0.0017846738919615746
1185,0.00753944693133235
1186,-0.005424739792943001
1187,-0.0011981362476944923
1188,0.00635182298719883
1189,-0.0058234138414263725
1190,0.001795283635146916
1191,-0.0006063284818083048
1192,-0.004671633243560791
1193,0.011732904240489006
1194,-0.0021879435516893864
1195,-0.003391154808923602
1196,0.005628225393593311
1197,-0.004303768277168274
1198,0.00407011155039072
1199,0.0057698870077729225
1200,0.0017985013546422124
1201,-0.002011653268709779
1202,-0.004011180251836777
1203,0.0012479680590331554
1204,0.0010964430402964354
1205,-0.00431596115231514
1206,0.0023441535886377096
1207,-3.965361975133419e-05
1208,-0.005013611633330584
1209,-0.0014699151506647468
1210,-0.0011681865435093641
1211,-0.001739951316267252
1212,0.0006436944240704179
1213,0.002389891305938363
1214,-0.0032658737618476152
1215,0.005370595026761293
1216,0.00834261067211628
1217,0.00642763078212738
1218,0.0021113513503223658
1219,-0.0010302509181201458
1220,-3.62711725756526e-05
1221,0.00934227928519249
1222,-5.17931766808033e-05
1223,-0.007683723233640194
1224,-0.003282833844423294
1225,0.0007904685335233808
1226,-0.001991075463593006
1227,0.0021448207553476095
1228,-0.003305574646219611
1229,0.0020372814033180475
1230,-0.00478524062782526
1231,0.004441183526068926
1232,0.0026772667188197374
1233,7.836765144020319e-05
1234,0.003282309975475073
1235,-0.004694747738540173
1236,0.006247825920581818
1237,-0.007173012942075729
1238,0.000960361328907311
1239,0.0059893447905778885
1240,-0.00443525705486536
1241,0.0020669419318437576
1242,0.0005504513392224908
1243,-0.0005940551054663956
1244,0.0030146935023367405
1245,0.0005224817432463169
1246,-0.001309173763729632
1247,0.0047277724370360374
1248,-0.00612014252692461
1249,0.0041913846507668495
1250,-0.007220733445137739
1251,-0.00046559376642107964
1252,-0.004073198419064283
1253,0.0007519334903918207
1254,0.0019298916449770331
1255,-0.001095654210075736
1256,-0.0012037553824484348
1257,-0.005204404704272747
1258,0.004921609535813332
1259,-0.0010253263171762228
1260,0.0029761986806988716
1261,-0.0031131000723689795
1262,7.246423047035933e-05
1263,-0.005391268990933895
1264,0.01568293198943138
1265,-0.004377611447125673
1266,-0.0044072470627725124
1267,-0.00479789637029171
1268,-0.0004572691395878792
1269,0.007770508527755737
1270,-0.001443281420506537
1271,-0.0038146963343024254
1272,0.0016946580726653337
1273,-0.0004852998536080122
1274,0.001085474737919867
1275,0.002055617980659008
1276,0.001844078185968101
1277,-0.0016957478364929557
1278,0.00546236289665103
1279,-0.001437212573364377
1280,0.001139047322794795
1281,0.0019081392092630267
1282,-0.0027857129462063313
1283,0.0003531344700604677
1284,-0.000566439179237932
1285,0.008873282000422478
1286,0.0019143623067066073
1287,-0.006518031004816294
1288,-0.0026854753959923983
1289,0.001217096345499158
1290,0.0016382829053327441
1291,-0.00012826267629861832
1292,0.0034370841458439827
1293,0.0004931190051138401
1294,-0.0015788008458912373
1295,-0.0035131308250129223
1296,-0.007783438544720411
1297,0.004116897005587816
1298,-0.00568965170532465
1299,-0.0005883319536224008
1300,0.00845112930983305
1301,-0.003854138310998678
1302,-0.003858434036374092
1303,-0.0052932146936655045
1304,-0.004904713481664658
1305,-0.002220219001173973
1306,-0.0036850706674158573
1307,-0.0035795383155345917
1308,-0.0015648924745619297
1309,-0.005909864790737629
1310,-1.657288521528244e-05
1311,0.004138299264013767
1312,-0.0038537082727998495
1313,-0.000540667911991477
1314,-0.001962103880941868
1315,0.0002332541043870151
1316,0.0010127262212336063
1317,0.0053545571863651276
1318,-0.000684853526763618
1319,0.004996540956199169
1320,0.0008166187326423824
1321,0.0024724765680730343
1322,0.0017158568371087313
1323,0.003127187490463257
1324,0.00024495553225278854
1325,-0.004182499833405018
1326,0.00229368032887578
1327,-0.008045651018619537
1328,0.002306496724486351
1329,-0.0038068885914981365
1330,0.006816125009208918
1331,-0.0018056669505313039
1332,0.0061540561728179455
1333,-0.004326248541474342
1334,-0.0034550512209534645
1335,-0.0034493638668209314
1336,-0.0009376498637720942
1337,-0.0010350988013669848
1338,-0.0013665494043380022
1339,0.00039684504736214876
1340,-0.00318740913644433
1341,-0.0012528528459370136
1342,-0.0007680795970372856
1343,0.02116246335208416
1344,-0.002397890668362379
1345,-0.00019690580666065216
1346,-0.00041909655556082726
1347,-0.004414575174450874
1348,0.0009344329591840506
1349,0.002142600016668439
1350,-0.0003971240948885679
1351,0.00099249801132828
1352,0.0036407357547432184
1353,-0.0006885475595481694
1354,-0.0011964549776166677
1355,0.0008677185978740454
1356,-0.00427233474329114
1357,0.0027416388038545847
1358,0.0005599453579634428
1359,0.0046879323199391365
1360,0.001407437608577311
1361,-0.009538833983242512
1362,0.0012213427107781172
1363,-0.0005889144958928227
1364,0.008321013301610947
1365,0.0012772115878760815
1366,-0.003847817424684763
1367,0.0017738246824592352
1368,0.008550961501896381
1369,-7.30596948415041e-05
1370,-0.0020318455062806606
1371,0.003533925162628293
1372,0.0033606160432100296
1373,-0.004721095319837332
1374,-0.0002884914865717292
1375,-0.004659559112042189
1376,0.0012296324130147696
1377,0.002640444552525878
1378,-0.001898088725283742
1379,0.004768495913594961
1380,-0.003652859479188919
1381,0.0003219763748347759
1382,-0.007080459501594305
1383,0.0007993094623088837
1384,-0.005078518763184547
1385,0.004867712501436472
1386,-0.0025268467143177986
1387,-0.00017650844529271126
1388,-0.00536999711766839
1389,0.0007423933711834252
1390,0.0030318661592900753
1391,0.0017142207361757755
1392,-0.004073666874319315
1393,0.0023907176218926907
1394,-0.004689493682235479
1395,-0.002083086408674717
1396,0.0009931072127074003
1397,0.003950770944356918
1398,-3.143434878438711e-05
1399,0.003304510610178113
1400,0.005938549991697073
1401,0.0005127839394845068
1402,-0.001820006174966693
1403,0.0021320192608982325
1404,0.0061947801150381565
1405,0.004918837919831276
1406,-0.003904349636286497
1407,-0.0003055798588320613
1408,-0.0018099246080964804
1409,-0.0014888745499774814
1410,-0.0008201189339160919
1411,0.000533076177816838
1412,0.0014117532409727573
1413,0.0007812217809259892
1414,0.0016590727027505636
1415,0.002152646193280816
1416,-0.0040825181640684605
1417,0.0029761772602796555
1418,0.0007790068630129099
1419,-0.002057233825325966
1420,0.0009341917466372252
1421,-0.0020585099700838327
1422,0.0037894537672400475
1423,-0.005223974585533142
1424,0.0031516621820628643
1425,0.0011074286885559559
1426,-0.0037529959809035063
1427,-0.0032439965289086103
1428,-0.00379009242169559
1429,0.0025638812221586704
1430,0.006021874025464058
1431,-0.0022976549807935953
1432,0.0020680560264736414
1433,0.0054114325903356075
1434,-0.003474632976576686
1435,-0.0015069993678480387
1436,-0.0032770305406302214
1437,-0.0005993428640067577
1438,-0.001555242808535695
1439,0.00035326764918863773
1440,-0.0030322372913360596
1441,-0.0003823882434517145
1442,-0.004388803616166115
1443,0.007581609301269054
1444,-0.0005656744469888508
1445,-0.0064504100009799
1446,-0.0017237223219126463
1447,-0.00402413122355938
1448,-0.0009818773251026869
1449,-0.004669060464948416
1450,0.005610206164419651
1451,0.004115114454180002
1452,-0.0021963203325867653
1453,-0.008144478313624859
1454,0.0007238247198984027
1455,-0.0012459472054615617
1456,0.0006627190741710365
1457,0.006906600669026375
1458,0.00527194794267416
1459,0.001849753549322486
1460,-0.00017546623712405562
1461,0.005559743382036686
1462,0.0027430769987404346
1463,-0.0001660529524087906
1464,0.0009191826684400439
1465,-0.002387438900768757
1466,0.002800370566546917
1467,-0.006199070252478123
1468,0.0037368619814515114
1469,0.0001193642383441329
1470,-0.0006318898522295058
1471,-0.0011512602213770151
1472,-0.000475969078252092
1473,0.0012722128303721547
1474,-0.002649076748639345
1475,0.007230844348669052
1476,0.0003020479343831539
1477,0.00035732099786400795
1478,-0.004996616858989
1479,0.004581337329000235
1480,0.004316043574362993
1481,0.001692249090410769
1482,0.004678444936871529
1483,-0.002383267506957054
1484,-0.0002698722528293729
1485,-0.008449668996036053
1486,0.0071046436205506325
1487,-0.003738025203347206
1488,0.0066846683621406555
1489,0.0008833518950268626
1490,0.0028953126166015863
1491,0.00110535672865808
1492,-0.004446049220860004
1493,0.002109369495883584
1494,-0.003221348859369755
1495,-0.0029173335060477257
1496,0.0003211970906704664
1497,-0.0007334824185818434
1498,-0.006171781104058027
1499,-0.008142329752445221
1500,-0.0014052623882889748
1501,0.019329044967889786
1502,-0.0024609272368252277
1503,-0.0005060055991634727
1504,-0.0029646088369190693
1505,-0.00400643702596426
1506,0.0031934480648487806
1507,-0.0024370248429477215
1508,-0.006468954961746931
1509,0.006331136450171471
1510,0.004559436812996864
1511,-0.0010899014305323362
1512,-0.00032621552236378193
1513,-0.0040663559921085835
1514,-0.0018581643234938383
1515,0.00894961692392826
1516,0.0018521551974117756
1517,0.005365452729165554
1518,-0.0031073740683496
1519,0.003700218629091978
1520,-0.0015485904878005385
1521,-0.0039161574095487595
1522,0.005929643288254738
1523,0.004297448322176933
1524,0.004418982658535242
1525,-0.003069956786930561
1526,9.463817696087062e-05
1527,-0.001891640480607748
1528,-0.002203385578468442
1529,0.0021031631622463465
1530,-0.003857829375192523
1531,-0.0010983633110299706
1532,-0.001462440937757492
1533,0.010300297290086746
1534,-0.0004962302045896649
1535,2.497399691492319e-05
1536,0.00010792078683152795
1537,-0.0008293520659208298
1538,0.0015340294921770692
1539,0.0037872781977057457
1540,0.00044156357762403786
1541,-0.0019691891502588987
1542,0.002002240624278784
1543,0.0017715130234137177
1544,0.00016806717030704021
1545,0.004325208719819784
1546,-0.007303373888134956
1547,0.0015484181931242347
1548,0.003618505783379078
1549,0.00286839809268713
1550,-0.0022039322648197412
1551,-0.003912419080734253
1552,0.00024791667237877846
1553,-0.0010120526421815157
1554,0.006613512989133596
1555,-0.005399986170232296
1556,-0.002479793271049857
1557,-0.0006410032510757446
1558,0.00362207368016243
1559,0.00171374692581594
1560,-0.0036022672429680824
1561,-0.000267951050773263
1562,-0.0012113803531974554
1563,0.0028095529414713383
1564,0.005344781093299389
1565,-0.0011110970517620444
1566,-0.011083362624049187
1567,0.000705407583154738
1568,-0.0009785846341401339
1569,-0.0006657395279034972
1570,0.008014575578272343
1571,0.0008265096694231033
1572,-0.00467917462810874
1573,-0.0018605096265673637
1574,-0.0012817562092095613
1575,-0.0017098116222769022
1576,0.004600423388183117
1577,4.786020144820213e-05
1578,-0.004981640726327896
1579,-0.002166307531297207
1580,0.009626914747059345
